#
# Alex's .mailrc file
#

# People I know/mail often
alias pm peter.maydell@linaro.org
alias pm215 peter.maydell@linaro.org
alias cdall christoffer.dall@arm.com
alias chazy christoffer.dall@arm.com
alias maximk maxim.kuvyrkov@linaro.org
alias riku riku.voipio@iki.fi
#alias agraf agraf@suse.de
alias maz maz@kernel.org
alias drew drjones@redhat.com
alias paolo pbonzini@redhat.com
alias rth richard.henderson@linaro.org
alias dmart Dave.Martin@arm.com
alias stefan stefanha@redhat.com
alias stefanha stefan
alias treblig dgilbert@redhat.com
alias alvise a.rigo@virtualopensystems.com
alias sergey serge.fdrv@gmail.com
alias fredk fred.konrad@greensocs.com
alias emilio cota@braap.org
alias cota cota@braap.org
alias danpb berrange@redhat.com
alias armbru armbru@redhat.com
alias pranith bobby.prani@gmail.com
alias fam fam@euphon.net
alias gerd kraxel@redhat.com
alias edgar edgar.iglesias@xilinx.com
alias juliant julien.thierry@arm.com
alias f4bug f4bug@amsat.org
alias th_huth thuth@redhat.com
alias ard ard.biesheuvel@linaro.org
alias omair omair.javaid@linaro.org
alias lvilanova vilanova@ac.upc.edu
alias pavel Pavel.Dovgaluk@ispras.ru
alias mrutland mark.rutland@arm.com
alias rf-fw robert.foley@linaro.org
alias pp-fw peter.puhov@linaro.org
alias arnd arnd@linaro.org
alias jpb jean-philippe@linaro.org
alias akashi takahiro.akashi@linaro.org
alias ilias ilias.apalodimas@linaro.org
alias armbru armbru@redhat.com
alias marcandre marcandre.lureau@gmail.com
alias ruchika ruchika.gupta@linaro.org
alias ulf ulf.hansson@linaro.org
alias cohuck cohuck@redhat.com
alias jsnow jsnow@redhat.com

# Mailing lists
alias qemu qemu-devel@nongnu.org
alias qemu-arm qemu-arm@nongnu.org
alias qemu-ppc qemu-ppc@nongnu.org
alias qemu-riscv qemu-riscv@nongnu.org
alias qemu-s390x qemu-s390x@nongnu.org
alias qemu-discuss qemu-discuss@nongnu.org
alias qemu-trivial qemu-trivial@nongnu.org

# TCG Work
alias qemu-tcg rth crosthwaitepeter@gmail.com aurelien@aurel32.net paolo

# Linaro patch work
alias patches patches@linaro.org

# Linaro people working on A64
alias a64 peter.maydell@linaro.org rob.herring@linaro.org

# SuSE A64 people
alias suse-a64 matz@suse.de

# VSO/Huawei
alias alvise a.rigo@virtualopensystems.com

# QEMU tracing people
alias qemu-trace stefanha@redhat.com vilanova@imperial.ac.uk mohamad.gebai@gmail.com matheus.ferst@eldorado.org.br

# QEMU binfmt
# Mike Frysinger <vapier@gentoo.org>
#
alias qemu-binfmt vapier@gentoo.org eblake@redhat.com afaerber@suse.de laurent@vivier.eu

# Process state
alias arm-pstate peter.maydell@linaro.org greg.bellows@linaro.org edgar.iglesias@xilinx.com

# Android hackers
alias test1 peter.maydell@linaro.org greg.bellows@linaro.org christoffer.dall@linaro.org

# LKML and ARM
alias kernel linux-kernel@vger.kernel.org
alias lkml kernel
alias kernelarm linux-arm-kernel@lists.infradead.org
alias kvm kvm@vger.kernel.org
alias kvmarm kvm kernelarm kvmarm@lists.cs.columbia.edu cdall maz

alias ftrace rostedt@goodmis.org mingo@redhat.com Dave.Martin@arm.com

# cc list for kvm debug api
# alias kvm-debug kvmarm pm agraf drjones@redhat.com pbonzini@redhat.com zhichao.huang@linaro.org
# alias kvm-debug-cc jan.kiszka@siemens.com dahi@linux.vnet.ibm.com r65777@freescale.com bp@suse.de
alias kvm-debug juliant kvmarm chazy

alias qemu-debug qemu qemu-arm pm chazy zhichao.huang@linaro.org
alias qemu-debug-cc kvmarm

# MTTCG work
alias qemu-mttcg mttcg@listserver.greensocs.com qemu fredk alvise emilio pranith nikunj@linux.vnet.ibm.com
alias qemu-mttcg-cc mark.burton@greensocs.com paolo jan.kiszka@siemens.com sergey rth pm bamvor.zhangjian@linaro.org

alias qemu-softmmu alvise jani.kokkonen@huawei.com

# Plugin work
alias qemu-plugins cota aaron@os.amperecomputing.com kuhn.chenqun@huawei.com robhenry@microsoft.com mahmoudabdalghany@outlook.com minyihh@uci.edu ma.mandourr@gmail.com

# Testing
alias qemu-testing fam danpb f4bug aurelien@aurel32.net paolo stefanha crosa@redhat.com
alias qemu-test qemu-testing

alias qemu-arch-testing edgar.iglesias@gmail.com michael@walle.cc aurelien@aurel32.net amarkovic@wavecomp.com shorne@gmail.com jcmvbkbc@gmail.com

# Docs
alias qemu-docs pm danpb f4bug paolo stefanha armbru marcandre th_huth

# SVE work
alias qemu-sve rth alan.hayward@arm.com luis.machado@linaro.org damien.hedde@greensocs.com

# Qemu Debian Packaging
alias qemu-debian pkg-qemu-devel@lists.alioth.debian.org


# Record/replay
alias qemu-rr paolo boost.lists@gmail.com pavel.dovgaluk@ispras.ru

# Buildroot patches
alias buildroot buildroot@busybox.net

alias stratos stratos-dev@op-lists.linaro.org

# xen related
alias julieng julien@xen.org
alias stefano stefano.stabellini@linaro.org stefano.stabellini@xilinx.com
alias masami masami.hiramatsu@linaro.org
alias akashi takahiro.akashi@linaro.org
alias andre andre.przywara@arm.com

alias qemu-xen julieng stefano andre stratos xen-devel@lists.xenproject.org

# virtio development
alias virtio-comment virtio-comment@lists.oasis-open.org
alias virtio-dev  virtio-dev@lists.oasis-open.org

alias rpmb-linaro maxim.uvarov@linaro.org joakim.bech@linaro.org ulf ilias arnd ruchika
alias rpmb-intel tomas.winkler@intel.com yang.huang@intel.com  bing.zhu@intel.com
alias rpmb-opensynergy Matti.Moell@opensynergy.com hmo@opensynergy.com
alias rpmb rpmb-linaro rpmb-intel rpmb-opensynergy  
alias stratos-eng arnd jpb akashi masami

# Rust
alias rust-vmm rust-vmm@lists.opendev.org
alias rust-hackers slp@redhat.com mst@redhat.com marcandre.lureau@redhat.com


